,title,year,rating,genre,movie_length,votes
0,Spider-Man: No Way Home,(2021),8.7,"Action, Adventure, Fantasy",148 min,"426,710"
1,Dune,(2021),8.1,"Action, Adventure, Drama",155 min,"465,384"
2,West Side Story,(2021),7.8,"Crime, Drama, Musical",156 min,"27,414"
3,Harry Potter and the Sorcerer's Stone,(2001),7.6,"Adventure, Family, Fantasy",152 min,"737,490"
4,The Matrix,(1999),8.7,"Action, Sci-Fi",136 min,"1,829,810"
5,Fight Club,(1999),8.8,Drama,139 min,"1,994,738"
6,Ghostbusters,(1984),7.8,"Action, Comedy, Fantasy",105 min,"396,762"
7,Avengers: Endgame,(2019),8.4,"Action, Adventure, Drama",181 min,"1,004,362"
8,The Gentlemen,(2019),7.8,"Action, Comedy, Crime",113 min,"300,873"
9,The Shawshank Redemption,(1994),9.3,Drama,142 min,"2,535,085"
10,CODA,(2021),8.1,"Comedy, Drama, Music",111 min,"39,340"
11,The Wolf of Wall Street,(2013),8.2,"Biography, Comedy, Crime",180 min,"1,308,394"
12,The Godfather,(1972),9.2,"Crime, Drama",175 min,"1,744,867"
13,The Lord of the Rings: The Fellowship of the Ring,(2001),8.8,"Action, Adventure, Drama",178 min,"1,770,460"
14,The Dark Knight,(2008),9.0,"Action, Crime, Drama",152 min,"2,485,604"
15,Knives Out,(2019),7.9,"Comedy, Crime, Drama",130 min,"568,600"
16,Interstellar,(2014),8.6,"Adventure, Drama, Sci-Fi",169 min,"1,680,715"
17,Kingsman: The Secret Service,(2014),7.7,"Action, Adventure, Comedy",129 min,"634,892"
18,Once Upon a Time... In Hollywood,(2019),7.6,"Comedy, Drama",161 min,"665,481"
19,The Father,(I) (2020),8.3,"Drama, Mystery",97 min,"121,389"
20,Avengers: Infinity War,(2018),8.4,"Action, Adventure, Sci-Fi",149 min,"974,560"
21,Spider-Man: Into the Spider-Verse,(2018),8.4,"Animation, Action, Adventure",117 min,"466,101"
22,Prisoners,(2013),8.1,"Crime, Drama, Mystery",153 min,"660,919"
23,Zack Snyder's Justice League,(2021),8.1,"Action, Adventure, Fantasy",242 min,"357,853"
24,Harry Potter and the Goblet of Fire,(2005),7.7,"Adventure, Family, Fantasy",157 min,"596,489"
25,The Social Network,(2010),7.7,"Biography, Drama",120 min,"671,553"
26,Guardians of the Galaxy,(2014),8.0,"Action, Adventure, Comedy",121 min,"1,120,852"
27,Titanic,(1997),7.8,"Drama, Romance",194 min,"1,117,984"
28,Inception,(2010),8.8,"Action, Adventure, Sci-Fi",148 min,"2,227,545"
29,Parasite,(2019),8.6,"Comedy, Drama, Thriller",132 min,"711,587"
30,Harry Potter and the Prisoner of Azkaban,(2004),7.9,"Adventure, Family, Fantasy",142 min,"602,837"
31,Harry Potter and the Deathly Hallows: Part 2,(2011),8.1,"Adventure, Fantasy, Mystery",130 min,"828,716"
32,Pulp Fiction,(1994),8.9,"Crime, Drama",154 min,"1,952,096"
33,Braveheart,(1995),8.3,"Biography, Drama, History",178 min,"1,004,556"
34,The Hobbit: An Unexpected Journey,(2012),7.8,"Adventure, Fantasy",169 min,"794,670"
35,Inglourious Basterds,(2009),8.3,"Adventure, Drama, War",153 min,"1,367,763"
36,Joker,(I) (2019),8.4,"Crime, Drama, Thriller",122 min,"1,135,232"
37,Wind River,(2017),7.7,"Crime, Drama, Mystery",107 min,"236,133"
38,Little Women,(2019),7.8,"Drama, Romance",135 min,"182,501"
39,American Psycho,(2000),7.6,"Crime, Drama, Horror",101 min,"546,452"
40,Avatar,(2009),7.8,"Action, Adventure, Fantasy",162 min,"1,176,848"
41,Django Unchained,(2012),8.4,"Drama, Western",165 min,"1,465,734"
42,Stand by Me,(1986),8.1,"Adventure, Drama",89 min,"386,948"
43,Blade Runner 2049,(2017),8.0,"Action, Drama, Mystery",164 min,"526,058"
44,The Lord of the Rings: The Return of the King,(2003),8.9,"Action, Adventure, Drama",201 min,"1,748,974"
45,Thor: Ragnarok,(2017),7.9,"Action, Adventure, Comedy",130 min,"676,581"
46,1917,(2019),8.3,"Action, Drama, War",119 min,"527,599"
47,Pride & Prejudice,(2005),7.8,"Drama, Romance",129 min,"281,568"
48,Harry Potter and the Half-Blood Prince,(2009),7.6,"Action, Adventure, Family",153 min,"517,769"
49,Hacksaw Ridge,(2016),8.1,"Biography, Drama, History",139 min,"486,988"
50,The Prestige,(2006),8.5,"Drama, Mystery, Thriller",130 min,"1,272,935"
51,Gone Girl,(2014),8.1,"Drama, Mystery, Thriller",149 min,"933,168"
52,No Country for Old Men,(2007),8.1,"Crime, Drama, Thriller",122 min,"924,335"
53,300,(2006),7.6,"Action, Drama",117 min,"767,707"
54,Taxi Driver,(1976),8.2,"Crime, Drama",114 min,"780,469"
55,Schindler's List,(1993),8.9,"Biography, Drama, History",195 min,"1,295,126"
56,Saving Private Ryan,(1998),8.6,"Drama, War",169 min,"1,323,199"
57,Harry Potter and the Deathly Hallows: Part 1,(2010),7.7,"Adventure, Family, Fantasy",146 min,"520,847"
58,Dunkirk,(2017),7.8,"Action, Drama, History",106 min,"616,009"
59,Goodfellas,(1990),8.7,"Biography, Crime, Drama",146 min,"1,096,431"
60,Heat,(1995),8.2,"Action, Crime, Drama",170 min,"623,332"
61,Se7en,(1995),8.6,"Crime, Drama, Mystery",127 min,"1,555,404"
62,Deadpool,(2016),8.0,"Action, Adventure, Comedy",108 min,"975,889"
63,Good Will Hunting,(1997),8.3,"Drama, Romance",126 min,"921,884"
64,Gladiator,(2000),8.5,"Action, Adventure, Drama",155 min,"1,430,889"
65,Whiplash,(2014),8.5,"Drama, Music",106 min,"788,002"
66,The Silence of the Lambs,(1991),8.6,"Crime, Drama, Horror",118 min,"1,362,735"
67,The Avengers,(2012),8.0,"Action, Adventure, Sci-Fi",143 min,"1,335,457"
68,Léon: The Professional,(1994),8.5,"Action, Crime, Drama",110 min,"1,107,661"
69,Iron Man,(2008),7.9,"Action, Adventure, Sci-Fi",126 min,"1,010,008"
70,Deadpool 2,(2018),7.7,"Action, Adventure, Comedy",119 min,"538,787"
71,Hell or High Water,(II) (2016),7.6,"Action, Crime, Drama",102 min,"220,598"
72,Back to the Future,(1985),8.5,"Adventure, Comedy, Sci-Fi",116 min,"1,140,222"
73,Forrest Gump,(1994),8.8,"Drama, Romance",142 min,"1,956,564"
74,The Grand Budapest Hotel,(2014),8.1,"Adventure, Comedy, Crime",99 min,"766,593"
75,Jurassic Park,(1993),8.1,"Action, Adventure, Sci-Fi",127 min,"929,478"
76,Mulholland Drive,(2001),7.9,"Drama, Mystery, Thriller",147 min,"343,695"
77,The Big Short,(2015),7.8,"Biography, Comedy, Drama",130 min,"406,156"
78,Hamilton,(2020),8.4,"Biography, Drama, History",160 min,"81,774"
79,Shutter Island,(2010),8.2,"Mystery, Thriller",138 min,"1,231,686"
80,Call Me by Your Name,(2017),7.9,"Drama, Romance",132 min,"249,221"
81,The Departed,(2006),8.5,"Crime, Drama, Thriller",151 min,"1,266,508"
82,Star Wars: Episode IV - A New Hope,(1977),8.6,"Action, Adventure, Fantasy",121 min,"1,301,890"
83,Apocalypse Now,(1979),8.4,"Drama, Mystery, War",147 min,"642,003"
84,Moana,(I) (2016),7.6,"Animation, Adventure, Comedy",107 min,"310,228"
85,The Dark Knight Rises,(2012),8.4,"Action, Crime, Drama",164 min,"1,612,742"
86,12 Angry Men,(1957),9.0,"Crime, Drama",96 min,"749,155"
87,The Lord of the Rings: The Two Towers,(2002),8.7,"Action, Adventure, Drama",179 min,"1,580,200"
88,Jojo Rabbit,(2019),7.9,"Comedy, Drama, War",108 min,"356,196"
89,There Will Be Blood,(2007),8.2,Drama,158 min,"558,798"
90,Man on Fire,(2004),7.7,"Action, Crime, Drama",146 min,"351,861"
91,Batman Begins,(2005),8.2,"Action, Crime, Drama",140 min,"1,388,702"
92,The Girl with the Dragon Tattoo,(2011),7.8,"Crime, Drama, Mystery",158 min,"449,649"
93,A Very Long Engagement,(2004),7.6,"Drama, Mystery, Romance",133 min,"72,980"
94,The Usual Suspects,(1995),8.5,"Crime, Drama, Mystery",106 min,"1,047,271"
95,The Green Mile,(1999),8.6,"Crime, Drama, Fantasy",189 min,"1,233,423"
96,The Revenant,(2015),8.0,"Action, Adventure, Drama",156 min,"763,774"
97,Mad Max: Fury Road,(2015),8.1,"Action, Adventure, Sci-Fi",120 min,"950,771"
98,Alien,(1979),8.4,"Horror, Sci-Fi",117 min,"840,921"
99,Midnight in Paris,(2011),7.7,"Comedy, Fantasy, Romance",94 min,"410,384"
100,Ex Machina,(2014),7.7,"Drama, Sci-Fi, Thriller",108 min,"515,806"
101,Captain America: Civil War,(2016),7.8,"Action, Adventure, Sci-Fi",147 min,"735,724"
102,Requiem for a Dream,(2000),8.3,Drama,102 min,"809,062"
103,Guardians of the Galaxy Vol. 2,(2017),7.6,"Action, Adventure, Comedy",136 min,"633,834"
104,Memento,(2000),8.4,"Mystery, Thriller",113 min,"1,190,815"
105,The Last Picture Show,(1971),8.0,"Drama, Romance",118 min,"46,611"
106,The Blind Side,(2009),7.6,"Biography, Drama, Sport",129 min,"316,859"
107,True Grit,(2010),7.6,"Drama, Western",110 min,"329,756"
108,American Beauty,(1999),8.3,Drama,122 min,"1,120,302"
109,Blade Runner,(1982),8.1,"Action, Drama, Sci-Fi",117 min,"738,148"
110,Casino Royale,(2006),8.0,"Action, Adventure, Thriller",144 min,"636,710"
111,Scarface,(1983),8.3,"Crime, Drama",170 min,"796,563"
112,Eternal Sunshine of the Spotless Mind,(2004),8.3,"Drama, Romance, Sci-Fi",108 min,"966,015"
113,Pirates of the Caribbean: The Curse of the Black Pearl,(2003),8.0,"Action, Adventure, Fantasy",143 min,"1,060,695"
114,Stardust,(2007),7.6,"Adventure, Family, Fantasy",127 min,"266,766"
115,Tombstone,(1993),7.8,"Action, Biography, Drama",130 min,"140,206"
116,Another Round,(2020),7.7,"Comedy, Drama",117 min,"131,249"
117,Big Fish,(2003),8.0,"Adventure, Drama, Fantasy",125 min,"432,184"
118,The Hobbit: The Desolation of Smaug,(2013),7.8,"Adventure, Fantasy",161 min,"634,607"
119,Star Wars: Episode VI - Return of the Jedi,(1983),8.3,"Action, Adventure, Fantasy",131 min,"1,005,784"
120,Fargo,(1996),8.1,"Crime, Thriller",98 min,"655,228"
121,Logan,(2017),8.1,"Action, Drama, Sci-Fi",137 min,"710,382"
122,The Mitchells vs the Machines,(2021),7.7,"Animation, Adventure, Comedy",113 min,"87,711"
123,Terminator 2: Judgment Day,(1991),8.5,"Action, Sci-Fi",137 min,"1,053,354"
124,The Shining,(1980),8.4,"Drama, Horror",146 min,"967,968"
125,Willy Wonka & the Chocolate Factory,(1971),7.8,"Family, Fantasy, Musical",100 min,"193,547"
126,Ferris Bueller's Day Off,(1986),7.8,Comedy,103 min,"343,039"
127,Jaws,(1975),8.0,"Adventure, Thriller",124 min,"573,171"
128,The Godfather: Part II,(1974),9.0,"Crime, Drama",202 min,"1,210,512"
129,In the Heat of the Night,(1967),7.9,"Crime, Drama, Mystery",110 min,"73,237"
130,The Irishman,(2019),7.8,"Biography, Crime, Drama",209 min,"363,360"
131,The Princess Bride,(1987),8.1,"Adventure, Family, Fantasy",98 min,"416,815"
132,Mission: Impossible - Fallout,(2018),7.7,"Action, Adventure, Thriller",147 min,"315,656"
133,The Imitation Game,(2014),8.0,"Biography, Drama, Thriller",114 min,"735,317"
134,Indiana Jones and the Raiders of the Lost Ark,(1981),8.4,"Action, Adventure",115 min,"932,370"
135,Snatch,(2000),8.2,"Comedy, Crime",102 min,"826,253"
136,Reservoir Dogs,(1992),8.3,"Crime, Drama, Thriller",99 min,"976,478"
137,Watchmen,(2009),7.6,"Action, Drama, Mystery",162 min,"533,330"
138,A Clockwork Orange,(1971),8.3,"Crime, Sci-Fi",136 min,"799,615"
139,Black Swan,(2010),8.0,"Drama, Thriller",108 min,"736,472"
140,Green Book,(2018),8.2,"Biography, Comedy, Drama",130 min,"447,494"
141,Silver Linings Playbook,(2012),7.7,"Comedy, Drama, Romance",122 min,"691,300"
142,Star Wars: Episode VII - The Force Awakens,(2015),7.8,"Action, Adventure, Sci-Fi",138 min,"898,571"
143,Coco,(I) (2017),8.4,"Animation, Adventure, Comedy",105 min,"458,037"
144,Boogie Nights,(1997),7.9,Drama,155 min,"255,561"
145,My Cousin Vinny,(1992),7.6,"Comedy, Crime",120 min,"118,829"
146,"The Good, the Bad and the Ugly",(1966),8.8,"Adventure, Western",178 min,"732,284"
147,Aliens,(1986),8.3,"Action, Adventure, Sci-Fi",137 min,"690,927"
148,Train to Busan,(2016),7.6,"Action, Horror, Thriller",118 min,"201,252"
149,La La Land,(2016),8.0,"Comedy, Drama, Music",128 min,"553,889"
150,Drive,(I) (2011),7.8,"Action, Drama",100 min,"607,856"
151,Dazed and Confused,(1993),7.6,Comedy,102 min,"177,267"
152,The Hateful Eight,(2015),7.8,"Crime, Drama, Mystery",168 min,"567,160"
153,The Truman Show,(1998),8.1,"Comedy, Drama",103 min,"1,015,152"
154,The Goonies,(1985),7.8,"Adventure, Comedy, Family",114 min,"261,482"
155,Soul,(2020),8.1,"Animation, Adventure, Comedy",100 min,"296,673"
156,The Martian,(2015),8.0,"Adventure, Drama, Sci-Fi",144 min,"814,552"
157,Captain America: The Winter Soldier,(2014),7.7,"Action, Adventure, Sci-Fi",136 min,"800,614"
158,Catch Me If You Can,(2002),8.1,"Biography, Crime, Drama",141 min,"916,813"
159,Rogue One: A Star Wars Story,(2016),7.8,"Action, Adventure, Sci-Fi",133 min,"594,372"
160,Sicario,(2015),7.6,"Action, Crime, Drama",121 min,"408,075"
161,Spirited Away,(2001),8.6,"Animation, Adventure, Family",125 min,"715,236"
162,The Big Lebowski,(1998),8.1,"Comedy, Crime, Sport",117 min,"780,246"
163,Casino,(1995),8.2,"Crime, Drama",178 min,"498,283"
164,Moneyball,(2011),7.6,"Biography, Drama, Sport",133 min,"403,025"
165,Get Out,(I) (2017),7.7,"Horror, Mystery, Thriller",104 min,"547,600"
166,Once Upon a Time in America,(1984),8.3,"Crime, Drama",229 min,"337,325"
167,The Hunt,(2012),8.3,Drama,115 min,"312,927"
168,The Hangover,(2009),7.7,Comedy,100 min,"756,335"
169,Star Wars: Episode V - The Empire Strikes Back,(1980),8.7,"Action, Adventure, Fantasy",124 min,"1,230,399"
170,Skyfall,(2012),7.8,"Action, Adventure, Thriller",143 min,"677,897"
171,Oldboy,(2003),8.4,"Action, Drama, Mystery",120 min,"553,199"
172,The Lion King,(1994),8.5,"Animation, Adventure, Drama",88 min,"1,006,312"
173,Sin City,(2005),8.0,"Crime, Thriller",124 min,"755,578"
174,Remember the Titans,(2000),7.8,"Biography, Drama, Sport",113 min,"208,612"
175,Home Alone,(1990),7.6,"Comedy, Family",103 min,"546,677"
176,Jai Bhim,(2021),9.3,"Crime, Drama",164 min,"171,873"
177,Zootopia,(2016),8.0,"Animation, Adventure, Comedy",108 min,"471,403"
178,The Notebook,(2004),7.8,"Drama, Romance",123 min,"550,752"
179,One Flew Over the Cuckoo's Nest,(1975),8.7,Drama,133 min,"970,593"
180,Hidden Figures,(2016),7.9,"Biography, Drama, History",127 min,"217,828"
181,Moonrise Kingdom,(2012),7.8,"Comedy, Drama, Romance",94 min,"339,248"
182,Into the Wild,(2007),8.1,"Adventure, Biography, Drama",148 min,"604,750"
183,E.T. the Extra-Terrestrial,(1982),7.8,"Adventure, Family, Sci-Fi",115 min,"394,234"
184,North by Northwest,(1959),8.3,"Adventure, Mystery, Thriller",136 min,"317,862"
185,The Perks of Being a Wallflower,(2012),7.9,"Drama, Romance",103 min,"491,159"
186,Dead Poets Society,(1989),8.1,"Comedy, Drama",128 min,"461,839"
187,The Terminator,(1984),8.0,"Action, Sci-Fi",107 min,"830,790"
188,Arrival,(II) (2016),7.9,"Drama, Sci-Fi",116 min,"657,781"
189,X: First Class,(2011),7.7,"Action, Adventure, Sci-Fi",131 min,"672,196"
190,Inside Man,(2006),7.6,"Crime, Drama, Mystery",129 min,"361,158"
191,City of God,(2002),8.6,"Crime, Drama",130 min,"733,030"
192,The Pianist,(2002),8.5,"Biography, Drama, Music",150 min,"790,291"
193,Donnie Darko,(2001),8.0,"Drama, Mystery, Sci-Fi",113 min,"774,696"
194,L.A. Confidential,(1997),8.2,"Crime, Drama, Mystery",138 min,"563,628"
195,Almost Famous,(2000),7.9,"Adventure, Comedy, Drama",122 min,"269,133"
196,X-Men: Days of Future Past,(2014),7.9,"Action, Adventure, Sci-Fi",132 min,"689,596"
197,Airplane!,(1980),7.7,Comedy,88 min,"229,621"
198,The Fifth Element,(1997),7.7,"Action, Adventure, Sci-Fi",126 min,"457,467"
199,American History X,(1998),8.5,Drama,119 min,"1,083,846"
200,Room,(I) (2015),8.1,"Drama, Thriller",118 min,"401,806"
201,Apocalypto,(2006),7.8,"Action, Adventure, Drama",139 min,"304,301"
202,Her,(2013),8.0,"Drama, Romance, Sci-Fi",126 min,"580,823"
203,Nightcrawler,(2014),7.8,"Crime, Drama, Thriller",117 min,"510,951"
204,Die Hard,(1988),8.2,"Action, Thriller",132 min,"847,184"
205,Mystic River,(2003),7.9,"Crime, Drama, Mystery",138 min,"444,269"
206,The Breakfast Club,(1985),7.8,"Comedy, Drama",97 min,"379,838"
207,A Star Is Born,(2018),7.6,"Drama, Music, Romance",136 min,"366,273"
208,Zodiac,(2007),7.7,"Crime, Drama, Mystery",157 min,"512,227"
209,Full Metal Jacket,(1987),8.3,"Drama, War",116 min,"713,957"
210,Predator,(1987),7.8,"Action, Adventure, Horror",107 min,"394,483"
211,The Intouchables,(2011),8.5,"Biography, Comedy, Drama",112 min,"816,860"
212,2001: A Space Odyssey,(1968),8.3,"Adventure, Sci-Fi",149 min,"642,464"
213,Trainspotting,(1996),8.1,Drama,93 min,"666,054"
214,Kill Bill: Vol. 1,(2003),8.1,"Action, Crime, Drama",111 min,"1,067,931"
215,Bohemian Rhapsody,(2018),7.9,"Biography, Drama, Music",134 min,"504,739"
216,Atonement,(2007),7.8,"Drama, Mystery, Romance",123 min,"268,465"
217,Ford v Ferrari,(2019),8.1,"Action, Biography, Drama",152 min,"353,036"
218,Life Is Beautiful,(1997),8.6,"Comedy, Drama, Romance",116 min,"666,336"
219,Blue Is the Warmest Colour,(2013),7.7,"Drama, Romance",180 min,"147,392"
220,Philadelphia,(1993),7.7,Drama,125 min,"235,699"
221,Come and See,(1985),8.3,"Drama, Thriller, War",142 min,"71,649"
222,"Three Billboards Outside Ebbing, Missouri",(2017),8.1,"Comedy, Crime, Drama",115 min,"480,105"
223,The Trial of the Chicago 7,(2020),7.8,"Drama, History, Thriller",129 min,"166,444"
224,The Last Samurai,(2003),7.7,"Action, Drama",154 min,"422,834"
225,True Romance,(1993),7.9,"Crime, Drama, Romance",119 min,"220,342"
226,Warrior,(2011),8.1,"Action, Drama, Sport",140 min,"457,002"
227,Ratatouille,(2007),8.0,"Animation, Adventure, Comedy",111 min,"684,739"
228,Being There,(1979),8.0,"Comedy, Drama",130 min,"70,908"
229,A Beautiful Mind,(2001),8.2,"Biography, Drama",135 min,"897,643"
230,The Last of the Mohicans,(1992),7.7,"Action, Adventure, Drama",112 min,"163,368"
231,The Thing,(1982),8.1,"Horror, Mystery, Sci-Fi",109 min,"402,645"
232,Dances with Wolves,(1990),8.0,"Adventure, Drama, Western",181 min,"254,912"
233,The Theory of Everything,(2014),7.7,"Biography, Drama, Romance",123 min,"433,574"
234,Gone Baby Gone,(2007),7.6,"Crime, Drama, Mystery",114 min,"266,539"
235,Demon Slayer: Mugen Train,(2020),8.2,"Animation, Action, Adventure",117 min,"45,407"
236,Edge of Tomorrow,(2014),7.9,"Action, Adventure, Sci-Fi",113 min,"645,499"
237,The Sixth Sense,(1999),8.1,"Drama, Mystery, Thriller",107 min,"956,914"
238,V for Vendetta,(2005),8.1,"Action, Drama, Sci-Fi",132 min,"1,085,761"
239,The Sound of Music,(1965),8.0,"Biography, Drama, Family",172 min,"221,594"
240,Ocean's Eleven,(2001),7.7,"Crime, Thriller",116 min,"549,863"
241,Pan's Labyrinth,(2006),8.2,"Drama, Fantasy, War",118 min,"648,515"
242,About Time,(I) (2013),7.8,"Comedy, Drama, Fantasy",123 min,"330,770"
243,The Handmaiden,(2016),8.1,"Drama, Romance, Thriller",145 min,"133,850"
244,Birdman or (The Unexpected Virtue of Ignorance),(2014),7.7,"Comedy, Drama",119 min,"610,784"
245,The French Connection,(1971),7.7,"Action, Crime, Drama",104 min,"118,450"
246,Marriage Story,(2019),7.9,"Comedy, Drama, Romance",137 min,"285,975"
247,Guess Who's Coming to Dinner,(1967),7.8,"Comedy, Drama",108 min,"44,019"
248,Casablanca,(1942),8.5,"Drama, Romance, War",102 min,"552,440"
249,Brokeback Mountain,(2005),7.7,"Drama, Romance",134 min,"344,653"
250,Who Framed Roger Rabbit,(1988),7.7,"Animation, Adventure, Comedy",104 min,"194,296"
251,Spotlight,(I) (2015),8.1,"Biography, Crime, Drama",129 min,"452,356"
252,The Royal Tenenbaums,(2001),7.6,"Comedy, Drama",110 min,"283,367"
253,Argo,(2012),7.7,"Biography, Drama, Thriller",120 min,"598,962"
254,Psycho,(1960),8.5,"Horror, Mystery, Thriller",109 min,"643,921"
255,Howl's Moving Castle,(2004),8.2,"Animation, Adventure, Family",119 min,"369,638"
256,Toy Story,(1995),8.3,"Animation, Adventure, Comedy",81 min,"947,401"
257,The Fugitive,(1993),7.8,"Action, Crime, Drama",130 min,"284,411"
258,Apollo 13,(I) (1995),7.6,"Adventure, Drama, History",140 min,"285,967"
259,The Bourne Identity,(2002),7.9,"Action, Mystery, Thriller",119 min,"532,595"
260,The Thin Red Line,(1998),7.6,"Drama, History, War",170 min,"183,411"
261,Vertigo,(1958),8.3,"Mystery, Romance, Thriller",128 min,"389,525"
262,The Help,(2011),8.0,Drama,146 min,"444,181"
263,The Sandlot,(1993),7.8,"Comedy, Drama, Family",101 min,"87,087"
264,Indiana Jones and the Last Crusade,(1989),8.2,"Action, Adventure",127 min,"729,422"
265,What We Do in the Shadows,(2014),7.7,"Comedy, Horror",86 min,"174,242"
266,Dallas Buyers Club,(2013),8.0,"Biography, Drama",117 min,"470,938"
267,Black Hawk Down,(2001),7.7,"Action, Drama, History",144 min,"383,829"
268,Gone with the Wind,(1939),8.1,"Drama, History, Romance",238 min,"306,243"
269,"Lock, Stock and Two Smoking Barrels",(1998),8.2,"Action, Comedy, Crime",107 min,"564,602"
270,The Incredibles,(2004),8.0,"Animation, Action, Adventure",115 min,"693,969"
271,Training Day,(2001),7.7,"Crime, Drama, Thriller",122 min,"417,714"
272,The Wizard of Oz,(1939),8.0,"Adventure, Family, Fantasy",102 min,"384,712"
273,Office Space,(1999),7.7,Comedy,89 min,"256,543"
274,Your Name.,(2016),8.4,"Animation, Drama, Fantasy",106 min,"238,904"
275,Shrek,(2001),7.9,"Animation, Adventure, Comedy",90 min,"649,927"
276,Incendies,(2010),8.3,"Drama, Mystery, War",131 min,"168,310"
277,Capernaum,(2018),8.4,Drama,126 min,"81,030"
278,Downfall,(2004),8.2,"Biography, Drama, History",156 min,"346,396"
279,Platoon,(1986),8.1,"Drama, War",120 min,"401,483"
280,A Bronx Tale,(1993),7.8,"Crime, Drama",121 min,"136,549"
281,Inside Out,(I) (2015),8.1,"Animation, Adventure, Comedy",95 min,"672,690"
282,Magnolia,(1999),8.0,Drama,188 min,"304,634"
283,Tangled,(2010),7.7,"Animation, Adventure, Comedy",100 min,"432,682"
284,The Florida Project,(2017),7.6,Drama,111 min,"107,647"
285,The Curious Case of Benjamin Button,(2008),7.8,"Drama, Fantasy, Romance",166 min,"626,078"
286,Amadeus,(1984),8.3,"Biography, Drama, Music",160 min,"388,593"
287,Gravity,(2013),7.7,"Drama, Sci-Fi, Thriller",91 min,"803,550"
288,Unforgiven,(1992),8.2,"Drama, Western",130 min,"398,739"
289,End of Watch,(2012),7.6,"Action, Crime, Drama",109 min,"240,544"
290,Rocky,(1976),8.1,"Drama, Sport",120 min,"551,197"
291,The Exorcist,(1973),8.0,Horror,122 min,"384,445"
292,Fantastic Mr. Fox,(2009),7.9,"Animation, Adventure, Comedy",87 min,"219,981"
293,It's a Wonderful Life,(1946),8.6,"Comedy, Drama, Family",130 min,"438,802"
294,12 Years a Slave,(2013),8.1,"Biography, Drama, History",134 min,"676,456"
295,Finding Nemo,(2003),8.1,"Animation, Adventure, Comedy",100 min,"1,002,539"
296,Taken,(I) (2008),7.8,"Action, Crime, Thriller",90 min,"587,930"
297,Halloween,(1978),7.7,"Horror, Thriller",91 min,"262,093"
298,The Butterfly Effect,(2004),7.6,"Drama, Sci-Fi, Thriller",113 min,"474,388"
299,Shaun of the Dead,(2004),7.9,"Comedy, Horror",99 min,"539,963"
300,Star Trek,(2009),7.9,"Action, Adventure, Sci-Fi",127 min,"594,720"
301,Mr. Smith Goes to Washington,(1939),8.1,"Comedy, Drama",129 min,"113,143"
302,Gifted,(2017),7.6,Drama,101 min,"110,963"
303,A Few Good Men,(1992),7.7,"Drama, Thriller",138 min,"252,303"
304,Minority Report,(2002),7.6,"Action, Crime, Mystery",145 min,"534,748"
305,Sound of Metal,(2019),7.8,"Drama, Music",120 min,"114,261"
306,How to Train Your Dragon,(2010),8.1,"Animation, Action, Adventure",98 min,"707,788"
307,The Count of Monte Cristo,(2002),7.8,"Action, Adventure, Drama",131 min,"135,041"
308,Blood Diamond,(2006),8.0,"Adventure, Drama, Thriller",143 min,"529,269"
309,WALL·E,(2008),8.4,"Animation, Adventure, Family",98 min,"1,065,513"
310,Toy Story 4,(2019),7.7,"Animation, Adventure, Comedy",100 min,"231,786"
311,Amélie,(2001),8.3,"Comedy, Romance",122 min,"735,041"
312,K.G.F: Chapter 1,(2018),8.3,"Action, Crime, Drama",156 min,"53,965"
313,Memories of Murder,(2003),8.1,"Crime, Drama, Mystery",132 min,"166,792"
314,The Invisible Guest,(2016),8.1,"Crime, Drama, Mystery",106 min,"166,449"
315,Up,(2009),8.2,"Animation, Adventure, Comedy",96 min,"997,031"
316,Hot Fuzz,(2007),7.8,"Action, Comedy, Mystery",121 min,"490,092"
317,Sense and Sensibility,(1995),7.7,"Drama, Romance",136 min,"111,820"
318,American Gangster,(2007),7.8,"Biography, Crime, Drama",157 min,"414,201"
319,Children of Men,(2006),7.9,"Action, Drama, Sci-Fi",109 min,"487,114"
320,500 Days of Summer,(2009),7.6,"Comedy, Drama, Romance",95 min,"496,261"
321,Cast Away,(2000),7.8,"Adventure, Drama, Romance",143 min,"566,867"
322,Rain Man,(1988),8.0,Drama,133 min,"497,208"
323,Once Upon a Time in the West,(1968),8.5,Western,165 min,"319,656"
324,The Lives of Others,(2006),8.4,"Drama, Mystery, Thriller",137 min,"378,872"
325,Rush,(I) (2013),8.1,"Action, Biography, Drama",123 min,"461,799"
326,As Good as It Gets,(1997),7.7,"Comedy, Drama, Romance",139 min,"291,656"
327,The Pursuit of Happyness,(2006),8.0,"Biography, Drama",117 min,"486,078"
328,Wonder,(I) (2017),8.0,"Drama, Family",113 min,"156,910"
329,Lost in Translation,(2003),7.7,"Comedy, Drama",102 min,"439,967"
330,Manchester by the Sea,(2016),7.8,Drama,137 min,"268,530"
331,Das Boot,(1981),8.3,"Drama, War",149 min,"244,394"
332,Despicable Me,(2010),7.6,"Animation, Adventure, Comedy",95 min,"525,937"
333,The Great Escape,(1963),8.2,"Adventure, Drama, History",172 min,"237,899"
334,Little Miss Sunshine,(2006),7.8,"Comedy, Drama",101 min,"462,221"
335,Deliverance,(1972),7.7,"Adventure, Drama, Thriller",109 min,"105,238"
336,Captain Fantastic,(2016),7.9,"Comedy, Drama",118 min,"210,323"
337,The Deer Hunter,(1978),8.1,"Drama, War",183 min,"329,683"
338,Big Hero 6,(2014),7.8,"Animation, Action, Adventure",102 min,"439,812"
339,Singin' in the Rain,(1952),8.3,"Comedy, Musical, Romance",103 min,"233,550"
340,The Game,(1997),7.7,"Drama, Mystery, Thriller",129 min,"377,492"
341,3 Idiots,(2009),8.4,"Comedy, Drama",170 min,"377,315"
342,Saw,(2004),7.6,"Horror, Mystery, Thriller",103 min,"404,823"
343,Life of Pi,(2012),7.9,"Adventure, Drama, Fantasy",127 min,"609,692"
344,Dark Waters,(2019),7.6,"Biography, Drama, History",126 min,"80,101"
345,What's Eating Gilbert Grape,(1993),7.7,Drama,118 min,"229,395"
346,Walk the Line,(2005),7.8,"Biography, Drama, Music",136 min,"244,690"
347,Gran Torino,(2008),8.1,Drama,116 min,"753,354"
348,Blue Velvet,(1986),7.7,"Crime, Drama, Mystery",120 min,"192,421"
349,Crash,(I) (2004),7.7,"Crime, Drama, Thriller",112 min,"430,502"
350,In Bruges,(2008),7.9,"Comedy, Crime, Drama",107 min,"409,342"
351,Groundhog Day,(1993),8.0,"Comedy, Drama, Fantasy",101 min,"603,521"
352,Portrait of a Lady on Fire,(2019),8.1,"Drama, Romance",122 min,"82,704"
353,The Machinist,(2004),7.7,"Drama, Thriller",101 min,"377,135"
354,Moon,(2009),7.8,"Drama, Mystery, Sci-Fi",97 min,"350,180"
355,Citizen Kane,(1941),8.3,"Drama, Mystery",119 min,"429,396"
356,Star Trek Into Darkness,(2013),7.7,"Action, Adventure, Sci-Fi",132 min,"476,405"
357,Zombieland,(2009),7.6,"Action, Comedy, Horror",88 min,"552,557"
358,A Christmas Story,(1983),7.9,"Comedy, Family",93 min,"145,543"
359,Mulan,(1998),7.7,"Animation, Adventure, Comedy",88 min,"274,811"
360,Seven Samurai,(1954),8.6,"Action, Drama",207 min,"334,829"
361,Captain Phillips,(2013),7.8,"Action, Biography, Crime",134 min,"445,146"
362,Before Sunrise,(1995),8.1,"Drama, Romance",101 min,"293,370"
363,"Monsters, Inc.",(2001),8.1,"Animation, Adventure, Comedy",92 min,"868,901"
364,Serenity,(2005),7.8,"Action, Adventure, Sci-Fi",119 min,"291,763"
365,"O Brother, Where Art Thou?",(2000),7.7,"Adventure, Comedy, Crime",107 min,"302,517"
366,Just Mercy,(2019),7.6,"Biography, Crime, Drama",137 min,"61,598"
367,Kill Bill: Vol. 2,(2004),8.0,"Action, Crime, Thriller",137 min,"727,284"
368,Grave of the Fireflies,(1988),8.5,"Animation, Drama, War",89 min,"260,379"
369,Misery,(1990),7.8,"Drama, Thriller",107 min,"200,074"
370,The Graduate,(1967),8.0,"Comedy, Drama, Romance",106 min,"266,625"
371,Rear Window,(1954),8.5,"Mystery, Thriller",112 min,"474,337"
372,Dr. Strangelove or: How I Learned to Stop Worrying and Love the Bomb,(1964),8.4,"Comedy, War",95 min,"474,579"
373,Primal Fear,(1996),7.7,"Crime, Drama, Mystery",129 min,"205,276"
374,Edward Scissorhands,(1990),7.9,"Drama, Fantasy, Romance",105 min,"471,454"
375,The Bourne Ultimatum,(2007),8.0,"Action, Mystery, Thriller",115 min,"622,712"
376,Blazing Saddles,(1974),7.7,"Comedy, Western",93 min,"134,473"
377,The Boy in the Striped Pajamas,(2008),7.8,"Drama, History, War",94 min,"208,107"
378,Dial M for Murder,(1954),8.2,"Crime, Thriller",105 min,"169,995"
379,Some Like It Hot,(1959),8.2,"Comedy, Music, Romance",121 min,"258,865"
380,Princess Mononoke,(1997),8.4,"Animation, Action, Adventure",134 min,"374,463"
381,Boyz n the Hood,(1991),7.8,"Crime, Drama",112 min,"135,810"
382,Aladdin,(1992),8.0,"Animation, Adventure, Comedy",90 min,"393,827"
383,Mary Poppins,(1964),7.8,"Comedy, Family, Fantasy",139 min,"167,189"
384,Rushmore,(1998),7.7,"Comedy, Drama, Romance",93 min,"180,466"
385,Straight Outta Compton,(2015),7.8,"Biography, Drama, History",147 min,"193,257"
386,First Blood,(1982),7.7,"Action, Adventure, Thriller",93 min,"242,723"
387,Mr. Nobody,(2009),7.8,"Drama, Fantasy, Romance",141 min,"227,591"
388,Slumdog Millionaire,(2008),8.0,"Drama, Romance",120 min,"826,815"
389,Lethal Weapon,(1987),7.6,"Action, Crime, Thriller",109 min,"251,038"
390,Back to the Future Part II,(1989),7.8,"Adventure, Comedy, Sci-Fi",108 min,"511,057"
391,Lawrence of Arabia,(1962),8.3,"Adventure, Biography, Drama",228 min,"284,458"
392,Y tu mamá también,(2001),7.6,Drama,106 min,"120,719"
393,The Secret in Their Eyes,(2009),8.2,"Drama, Mystery, Romance",129 min,"204,110"
394,The Bourne Supremacy,(2004),7.7,"Action, Mystery, Thriller",108 min,"452,789"
395,The Great Beauty,(2013),7.8,Drama,141 min,"87,637"
396,Hunt for the Wilderpeople,(2016),7.9,"Adventure, Comedy, Drama",101 min,"124,339"
397,Dark City,(1998),7.6,"Fantasy, Mystery, Sci-Fi",100 min,"196,075"
398,The King's Speech,(2010),8.0,"Biography, Drama, History",118 min,"664,556"
399,12 Monkeys,(1995),8.0,"Mystery, Sci-Fi, Thriller",129 min,"603,179"
400,Dog Day Afternoon,(1975),8.0,"Biography, Crime, Drama",125 min,"249,497"
401,Million Dollar Baby,(2004),8.1,"Drama, Sport",132 min,"667,405"
402,The Girl with the Dragon Tattoo,(2009),7.8,"Crime, Drama, Mystery",152 min,"214,395"
403,Beauty and the Beast,(1991),8.0,"Animation, Family, Fantasy",84 min,"434,248"
404,I Saw the Devil,(2010),7.8,"Action, Crime, Drama",144 min,"123,513"
405,Isle of Dogs,(2018),7.8,"Animation, Adventure, Comedy",101 min,"159,102"
406,Once Were Warriors,(1994),7.9,"Crime, Drama",102 min,"33,431"
407,The Fault in Our Stars,(2014),7.7,"Drama, Romance",126 min,"363,900"
408,Rio Bravo,(1959),8.0,Western,141 min,"60,461"
409,East of Eden,(1955),7.9,Drama,118 min,"44,399"
410,JFK,(1991),8.0,"Drama, History, Thriller",189 min,"151,467"
411,The Raid: Redemption,(2011),7.6,"Action, Crime, Thriller",101 min,"199,568"
412,Barry Lyndon,(1975),8.1,"Adventure, Drama, History",185 min,"161,629"
413,Scent of a Woman,(1992),8.0,Drama,156 min,"284,443"
414,Sardar Udham,(2021),8.7,"Biography, Crime, Drama",164 min,"35,555"
415,District 9,(2009),7.9,"Action, Sci-Fi, Thriller",112 min,"663,929"
416,Only the Brave,(2017),7.6,"Action, Biography, Drama",134 min,"65,296"
417,In the Mood for Love,(2000),8.1,"Drama, Romance",98 min,"141,705"
418,When Harry Met Sally...,(1989),7.6,"Comedy, Drama, Romance",95 min,"210,216"
419,Monty Python and the Holy Grail,(1975),8.2,"Adventure, Comedy, Fantasy",91 min,"525,658"
420,Boyhood,(I) (2014),7.9,Drama,165 min,"347,978"
421,Close Encounters of the Third Kind,(1977),7.6,"Drama, Sci-Fi",138 min,"195,812"
422,Lion,(2016),8.0,"Biography, Drama",118 min,"229,083"
423,Perfect Strangers,(2016),7.8,"Comedy, Drama",96 min,"62,759"
424,Awakenings,(1990),7.8,"Biography, Drama",121 min,"135,929"
425,Paddington 2,(2017),7.8,"Adventure, Comedy, Family",103 min,"71,118"
426,Raging Bull,(1980),8.2,"Biography, Drama, Sport",129 min,"341,415"
427,Toy Story 3,(2010),8.2,"Animation, Adventure, Comedy",103 min,"801,218"
428,Changeling,(2008),7.7,"Biography, Crime, Drama",141 min,"250,199"
429,Chinatown,(1974),8.2,"Drama, Mystery, Thriller",130 min,"315,019"
430,The Boondock Saints,(1999),7.7,"Action, Thriller",108 min,"235,280"
431,Paper Moon,(1973),8.1,"Comedy, Crime, Drama",102 min,"45,942"
432,Black Book,(2006),7.7,"Drama, Thriller, War",145 min,"75,663"
433,Empire of the Sun,(1987),7.7,"Drama, History, War",153 min,"122,401"
434,Wreck-It Ralph,(2012),7.7,"Animation, Adventure, Comedy",101 min,"404,703"
435,Gattaca,(1997),7.8,"Drama, Sci-Fi, Thriller",106 min,"294,304"
436,The Lego Movie,(2014),7.7,"Animation, Action, Adventure",100 min,"340,807"
437,Planet of the Apes,(1968),8.0,"Adventure, Sci-Fi",112 min,"175,010"
438,Road to Perdition,(2002),7.7,"Crime, Drama, Thriller",117 min,"260,723"
439,Doctor Zhivago,(1965),8.0,"Drama, Romance, War",197 min,"74,599"
440,Match Point,(2005),7.6,"Drama, Romance, Thriller",124 min,"214,259"
441,Lost Highway,(1997),7.6,"Mystery, Thriller",134 min,"138,453"
442,Fried Green Tomatoes,(1991),7.7,Drama,130 min,"72,389"
443,Detachment,(2011),7.7,Drama,98 min,"82,424"
444,The Blues Brothers,(1980),7.9,"Action, Adventure, Comedy",133 min,"193,570"
445,"Crouching Tiger, Hidden Dragon",(2000),7.8,"Action, Adventure, Drama",120 min,"263,626"
446,3:10 to Yuma,(2007),7.7,"Action, Crime, Drama",122 min,"302,247"
447,Dangal,(2016),8.4,"Action, Biography, Drama",161 min,"177,441"
448,Butch Cassidy and the Sundance Kid,(1969),8.0,"Biography, Crime, Drama",110 min,"211,454"
449,The Fighter,(I) (2010),7.8,"Action, Biography, Drama",116 min,"356,119"
450,Coraline,(2009),7.7,"Animation, Drama, Family",100 min,"215,006"
451,Billy Elliot,(2000),7.7,"Drama, Music",110 min,"132,363"
452,Metropolis,(1927),8.3,"Drama, Sci-Fi",153 min,"169,560"
453,My Fair Lady,(1964),7.8,"Drama, Family, Musical",170 min,"93,007"
454,Carlito's Way,(1993),7.9,"Crime, Drama, Thriller",144 min,"211,858"
455,Cinema Paradiso,(1988),8.5,"Drama, Romance",155 min,"250,716"
456,My Neighbor Totoro,(1988),8.2,"Animation, Comedy, Family",86 min,"320,257"
457,Charade,(1963),7.9,"Comedy, Mystery, Romance",113 min,"74,604"
458,Rosemary's Baby,(1968),8.0,"Drama, Horror",137 min,"207,828"
459,La Dolce Vita,(1960),8.0,"Comedy, Drama",174 min,"71,142"
460,Toy Story 2,(1999),7.9,"Animation, Adventure, Comedy",92 min,"558,361"
461,The Elephant Man,(1980),8.1,"Biography, Drama",124 min,"234,145"
462,Young Frankenstein,(1974),8.0,Comedy,106 min,"153,966"
463,Stalker,(1979),8.1,"Drama, Sci-Fi",162 min,"129,445"
464,The Magnificent Seven,(1960),7.7,"Action, Adventure, Western",128 min,"92,754"
465,Breakfast at Tiffany's,(1961),7.6,"Comedy, Drama, Romance",115 min,"175,342"
466,A Silent Voice: The Movie,(2016),8.2,"Animation, Drama",130 min,"70,329"
467,To Kill a Mockingbird,(1962),8.2,"Crime, Drama",129 min,"308,451"
468,This Is England,(2006),7.7,"Crime, Drama",101 min,"120,208"
469,Perfect Blue,(1997),8.0,"Animation, Crime, Drama",81 min,"69,207"
470,A Fistful of Dollars,(1964),8.0,"Action, Drama, Western",99 min,"210,463"
471,Roma,(2018),7.7,Drama,135 min,"152,081"
472,Blood Simple,(1984),7.6,"Crime, Drama, Thriller",99 min,"93,947"
473,Midnight Cowboy,(1969),7.8,Drama,113 min,"108,193"
474,The Birds,(1963),7.7,"Drama, Horror, Mystery",119 min,"182,920"
475,Soorarai Pottru,(2020),9.1,Drama,153 min,"106,826"
476,The Untouchables,(1987),7.9,"Crime, Drama, Thriller",119 min,"299,406"
477,Mississippi Burning,(1988),7.8,"Crime, Drama, History",128 min,"97,041"
478,Eastern Promises,(2007),7.6,"Crime, Drama, Thriller",100 min,"237,725"
479,"Blood In, Blood Out",(1993),8.0,"Crime, Drama",180 min,"30,579"
480,A Separation,(2011),8.3,Drama,123 min,"236,288"
481,Ben-Hur,(1959),8.1,"Adventure, Drama, History",212 min,"232,232"
482,The Ten Commandments,(1956),7.9,"Adventure, Drama, Family",220 min,"68,276"
483,The Wrestler,(2008),7.9,"Drama, Sport",109 min,"299,846"
484,The Holy Mountain,(1973),7.9,"Adventure, Drama, Fantasy",114 min,"41,272"
485,The Road Warrior,(1981),7.6,"Action, Adventure, Sci-Fi",96 min,"175,511"
486,The Jungle Book,(1967),7.6,"Animation, Adventure, Comedy",78 min,"176,099"
487,Brazil,(1985),7.9,"Drama, Sci-Fi",132 min,"197,099"
488,The Seventh Seal,(1957),8.2,"Drama, Fantasy, History",96 min,"179,030"
489,Being John Malkovich,(1999),7.7,"Comedy, Drama, Fantasy",113 min,"327,068"
490,The Sting,(1973),8.3,"Comedy, Crime, Drama",129 min,"254,406"
491,The Outlaw Josey Wales,(1976),7.8,Western,135 min,"71,392"
492,Solaris,(1972),8.0,"Drama, Mystery, Sci-Fi",167 min,"88,406"
493,The Skin I Live In,(2011),7.6,"Drama, Horror, Thriller",120 min,"147,951"
494,La Haine,(1995),8.1,"Crime, Drama",98 min,"164,672"
495,Dogville,(2003),8.0,"Crime, Drama",178 min,"145,328"
496,The Bridge on the River Kwai,(1957),8.1,"Adventure, Drama, War",161 min,"214,597"
497,The Conversation,(1974),7.8,"Drama, Mystery, Thriller",113 min,"107,950"
498,Spartacus,(1960),7.9,"Adventure, Biography, Drama",197 min,"131,763"
499,Wild Tales,(2014),8.1,"Comedy, Drama, Thriller",122 min,"190,674"
500,This Is Spinal Tap,(1984),7.9,"Comedy, Music",82 min,"136,639"
501,The Apartment,(1960),8.3,"Comedy, Drama, Romance",125 min,"175,635"
502,Akira,(1988),8.0,"Animation, Action, Drama",124 min,"178,161"
503,Seven Pounds,(2008),7.6,Drama,123 min,"297,336"
504,Before Sunset,(2004),8.1,"Drama, Romance",80 min,"253,051"
505,The Naked Gun: From the Files of Police Squad!,(1988),7.6,"Comedy, Crime",85 min,"163,528"
506,Goldfinger,(1964),7.7,"Action, Adventure, Thriller",110 min,"184,893"
507,Donnie Brasco,(1997),7.7,"Biography, Crime, Drama",127 min,"296,034"
508,Serpico,(1973),7.7,"Biography, Crime, Drama",130 min,"118,959"
509,The Nightmare Before Christmas,(1993),8.0,"Animation, Family, Fantasy",76 min,"323,461"
510,Do the Right Thing,(1989),8.0,"Comedy, Drama",120 min,"98,733"
511,Hachi: A Dog's Tale,(2009),8.1,"Biography, Drama, Family",93 min,"272,707"
512,Togo,(2019),8.0,"Adventure, Biography, Drama",113 min,"45,463"
513,Life of Brian,(1979),8.1,Comedy,94 min,"388,083"
514,The Color Purple,(1985),7.8,Drama,154 min,"84,020"
515,The Others,(2001),7.6,"Horror, Mystery, Thriller",104 min,"355,618"
516,The Fall,(2006),7.9,"Adventure, Drama, Fantasy",117 min,"110,720"
517,Chungking Express,(1994),8.1,"Comedy, Crime, Drama",102 min,"75,024"
518,Network,(1976),8.1,Drama,121 min,"154,703"
519,In the Name of the Father,(1993),8.1,"Biography, Crime, Drama",133 min,"168,986"
520,The King of Comedy,(1982),7.8,"Comedy, Crime, Drama",109 min,"98,740"
521,Let the Right One In,(2008),7.9,"Action, Crime, Drama",114 min,"212,799"
522,"Paris, Texas",(1984),8.1,Drama,145 min,"102,037"
523,Fanny and Alexander,(1982),8.1,Drama,188 min,"62,455"
524,Sunset Blvd.,(1950),8.4,"Drama, Film-Noir",110 min,"214,818"
525,Before Midnight,(2013),7.9,"Drama, Romance",109 min,"151,727"
526,The Artist,(I) (2011),7.9,"Comedy, Drama, Romance",100 min,"238,010"
527,Naked,(1993),7.8,"Comedy, Drama",131 min,"38,075"
528,Adaptation.,(2002),7.7,"Comedy, Drama",115 min,"188,234"
529,Witness for the Prosecution,(1957),8.4,"Crime, Drama, Mystery",116 min,"119,869"
530,M,(1931),8.3,"Crime, Mystery, Thriller",99 min,"153,329"
531,The Man from Earth,(2007),7.9,"Drama, Fantasy, Mystery",87 min,"183,169"
532,Glory,(1989),7.8,"Biography, Drama, History",122 min,"131,695"
533,Wolfwalkers,(2020),8.0,"Animation, Adventure, Family",103 min,"28,556"
534,For a Few Dollars More,(1965),8.2,Western,132 min,"248,095"
535,Gandhi,(1982),8.0,"Biography, Drama",191 min,"225,456"
536,Klaus,(2019),8.2,"Animation, Adventure, Comedy",96 min,"137,298"
537,Dirty Harry,(1971),7.7,"Action, Crime, Thriller",102 min,"151,777"
538,Searching,(III) (2018),7.6,"Drama, Mystery, Thriller",102 min,"156,449"
539,Bonnie and Clyde,(1967),7.8,"Action, Biography, Crime",111 min,"109,767"
540,How to Train Your Dragon 2,(2014),7.8,"Animation, Action, Adventure",102 min,"322,740"
541,A Streetcar Named Desire,(1951),8.0,Drama,122 min,"105,517"
542,Mommy,(I) (2014),8.1,Drama,139 min,"55,123"
543,The Raid 2,(2014),8.0,"Action, Crime, Thriller",150 min,"120,287"
544,Loving Vincent,(2017),7.8,"Animation, Biography, Crime",94 min,"55,780"
545,Fallen Angels,(1995),7.7,"Comedy, Crime, Drama",99 min,"35,232"
546,The Remains of the Day,(1993),7.8,"Drama, Romance",134 min,"71,774"
547,Hara-Kiri,(1962),8.6,"Action, Drama, Mystery",133 min,"51,877"
548,Once,(I) (2007),7.8,"Drama, Music, Romance",86 min,"114,812"
549,Battle Royale,(2000),7.6,"Action, Adventure, Drama",114 min,"178,913"
550,Malcolm X,(1992),7.7,"Biography, Drama, History",202 min,"92,020"
551,Hamlet,(1996),7.7,Drama,242 min,"37,529"
552,Rebecca,(1940),8.1,"Drama, Film-Noir, Mystery",130 min,"133,309"
553,Miller's Crossing,(1990),7.7,"Crime, Drama, Thriller",115 min,"132,598"
554,A Man Called Ove,(2015),7.7,"Comedy, Drama, Romance",116 min,"52,435"
555,Flipped,(I) (2010),7.7,"Comedy, Drama, Romance",90 min,"87,863"
556,Star Trek II: The Wrath of Khan,(1982),7.7,"Action, Adventure, Sci-Fi",113 min,"118,315"
557,Kramer vs. Kramer,(1979),7.8,Drama,105 min,"141,397"
558,Ordinary People,(1980),7.7,Drama,124 min,"50,444"
559,Papillon,(1973),8.0,"Biography, Crime, Drama",151 min,"127,797"
560,Annie Hall,(1977),8.0,"Comedy, Romance",93 min,"260,619"
561,Badlands,(1973),7.8,"Action, Crime, Drama",94 min,"71,062"
562,All About Eve,(1950),8.2,Drama,138 min,"128,014"
563,After Hours,(I) (1985),7.7,"Comedy, Crime, Drama",97 min,"66,527"
564,Ponyo,(2008),7.7,"Animation, Adventure, Comedy",101 min,"136,724"
565,Ran,(1985),8.2,"Action, Drama, War",162 min,"121,656"
566,Gaslight,(1944),7.8,"Crime, Drama, Mystery",114 min,"27,412"
567,My Left Foot,(1989),7.9,"Biography, Drama",103 min,"72,462"
568,Cabaret,(1972),7.8,"Drama, Music, Musical",124 min,"52,975"
569,Sing Street,(2016),7.9,"Comedy, Drama, Music",106 min,"90,964"
570,Baahubali: The Beginning,(2015),8.0,"Action, Drama",159 min,"111,370"
571,Cool Hand Luke,(1967),8.1,"Crime, Drama",127 min,"172,640"
572,Kiki's Delivery Service,(1989),7.9,"Animation, Family, Fantasy",103 min,"136,988"
573,Fiddler on the Roof,(1971),8.0,"Drama, Family, Musical",181 min,"42,491"
574,Shershaah,(2021),8.7,"Action, Biography, Drama",135 min,"112,607"
575,Amores perros,(2000),8.1,"Drama, Thriller",154 min,"235,136"
576,Hotel Rwanda,(2004),8.1,"Biography, Drama, History",121 min,"347,814"
577,Nausicaä of the Valley of the Wind,(1984),8.1,"Animation, Adventure, Sci-Fi",117 min,"163,808"
578,Ip Man,(2008),8.0,"Action, Biography, Drama",106 min,"219,594"
579,On the Waterfront,(1954),8.1,"Crime, Drama, Thriller",108 min,"150,837"
580,The Insider,(1999),7.8,"Biography, Drama, Thriller",157 min,"167,856"
581,Evil Dead II,(1987),7.7,"Comedy, Horror",84 min,"157,740"
582,Clerks,(1994),7.7,Comedy,92 min,"218,423"
583,Tumbbad,(2018),8.3,"Drama, Fantasy, Horror",104 min,"39,603"
584,Sabrina,(1954),7.6,"Comedy, Drama, Romance",113 min,"63,228"
585,The Name of the Rose,(1986),7.7,"Drama, History, Mystery",130 min,"106,575"
586,Ghost in the Shell,(1995),8.0,"Animation, Action, Crime",83 min,"138,365"
587,The Third Man,(1949),8.1,"Film-Noir, Mystery, Thriller",93 min,"167,746"
588,Ed Wood,(1994),7.8,"Biography, Comedy, Drama",127 min,"172,494"
589,Finding Neverland,(2004),7.6,"Biography, Drama, Family",106 min,"203,720"
590,Sling Blade,(1996),8.0,Drama,135 min,"92,284"
591,Paths of Glory,(1957),8.4,"Drama, War",88 min,"190,614"
592,The Bridges of Madison County,(1995),7.6,"Drama, Romance",135 min,"78,787"
593,Patton,(1970),7.9,"Biography, Drama, War",172 min,"99,992"
594,Hero,(2002),7.9,"Action, Adventure, Drama",120 min,"179,040"
595,21 Grams,(2003),7.6,"Crime, Drama, Thriller",124 min,"232,890"
596,The Best Offer,(2013),7.8,"Crime, Drama, Mystery",131 min,"115,473"
597,It Happened One Night,(1934),8.1,"Comedy, Romance",105 min,"100,713"
598,Persona,(1966),8.1,"Drama, Thriller",83 min,"113,494"
599,Barton Fink,(1991),7.7,"Comedy, Drama, Thriller",116 min,"118,718"
600,What Ever Happened to Baby Jane?,(1962),8.1,"Drama, Horror, Thriller",134 min,"54,086"
601,All the President's Men,(1976),8.0,"Drama, History, Thriller",138 min,"111,662"
602,The Great Dictator,(1940),8.4,"Comedy, Drama, War",125 min,"217,167"
603,The Iron Giant,(1999),8.0,"Animation, Action, Adventure",86 min,"184,589"
604,Rope,(1948),8.0,"Crime, Drama, Mystery",80 min,"138,976"
605,Neon Genesis Evangelion: The End of Evangelion,(1997),8.1,"Animation, Action, Drama",87 min,"50,219"
606,8½,(1963),8.0,Drama,138 min,"115,228"
607,The Dirty Dozen,(1967),7.7,"Action, Adventure, War",150 min,"71,118"
608,Andhadhun,(2018),8.2,"Comedy, Crime, Music",139 min,"86,883"
609,Like Stars on Earth,(2007),8.4,"Drama, Family",165 min,"184,974"
610,Lucky Number Slevin,(2006),7.7,"Crime, Drama, Thriller",110 min,"308,406"
611,Notorious,(1946),8.0,"Drama, Film-Noir, Romance",102 min,"98,798"
612,Happiness,(1998),7.7,"Comedy, Drama",134 min,"69,122"
613,The Best Years of Our Lives,(1946),8.1,"Drama, Romance, War",170 min,"61,952"
614,Miracle in Cell No. 7,(2019),8.2,Drama,132 min,"44,947"
615,The Day of the Jackal,(1973),7.8,"Crime, Drama, Thriller",143 min,"39,971"
616,Modern Times,(1936),8.5,"Comedy, Drama, Family",87 min,"233,514"
617,High Noon,(1952),8.0,"Drama, Thriller, Western",85 min,"102,154"
618,Days of Heaven,(1978),7.8,"Drama, Romance",94 min,"56,640"
619,The Day the Earth Stood Still,(1951),7.7,"Drama, Sci-Fi",92 min,"80,472"
620,Glengarry Glen Ross,(1992),7.7,"Crime, Drama, Mystery",100 min,"102,425"
621,Rashomon,(1950),8.2,"Crime, Drama, Mystery",88 min,"163,147"
622,Rebel Without a Cause,(1955),7.7,Drama,111 min,"88,347"
623,Short Term 12,(2013),8.0,Drama,96 min,"86,173"
624,50/50,(2011),7.6,"Comedy, Drama, Romance",100 min,"325,281"
625,The Night of the Hunter,(1955),8.0,"Crime, Drama, Film-Noir",92 min,"87,031"
626,Mother,(2009),7.8,"Crime, Drama, Mystery",129 min,"60,607"
627,Kung Fu Hustle,(2004),7.8,"Action, Comedy, Fantasy",99 min,"135,113"
628,Cinderella Man,(2005),8.0,"Biography, Drama, History",144 min,"183,673"
629,The Wind Rises,(2013),7.8,"Animation, Biography, Drama",126 min,"81,272"
630,25th Hour,(2002),7.6,Drama,135 min,"176,243"
631,The Maltese Falcon,(1941),8.0,"Crime, Film-Noir, Mystery",100 min,"155,349"
632,Roman Holiday,(1953),8.0,"Comedy, Romance",118 min,"135,205"
633,Ray,(I) (2004),7.7,"Biography, Drama, Music",152 min,"144,793"
634,The Longest Day,(1962),7.8,"Action, Drama, History",178 min,"54,589"
635,I Am Sam,(2001),7.6,Drama,132 min,"148,186"
636,Dancer in the Dark,(2000),8.0,"Crime, Drama, Musical",140 min,"107,461"
637,Kelly's Heroes,(1970),7.6,"Adventure, Comedy, War",144 min,"48,247"
638,The Right Stuff,(1983),7.8,"Adventure, Biography, Drama",193 min,"60,185"
639,Throne of Blood,(1957),8.1,"Drama, History",110 min,"50,721"
640,Gangs of Wasseypur,(2012),8.2,"Action, Comedy, Crime",321 min,"92,258"
641,Me and Earl and the Dying Girl,(2015),7.7,"Comedy, Drama",105 min,"128,838"
642,The Last Emperor,(1987),7.7,"Biography, Drama, History",163 min,"100,193"
643,Double Indemnity,(1944),8.3,"Crime, Drama, Film-Noir",107 min,"152,433"
644,Enter the Dragon,(1973),7.7,"Action, Crime, Drama",102 min,"102,246"
645,"South Park: Bigger, Longer & Uncut",(1999),7.7,"Animation, Comedy, Fantasy",81 min,"200,676"
646,The Quiet Man,(1952),7.8,"Comedy, Drama, Romance",129 min,"37,443"
647,Ayla: The Daughter of War,(2017),8.4,"Biography, Drama, History",125 min,"38,012"
648,Nosferatu,(1922),7.9,"Fantasy, Horror",94 min,"93,930"
649,Letters from Iwo Jima,(2006),7.9,"Action, Adventure, Drama",141 min,"159,910"
650,The Searchers,(1956),7.9,"Adventure, Drama, Western",119 min,"86,560"
651,Dawn of the Dead,(1978),7.9,"Horror, Thriller",127 min,"117,671"
652,The Straight Story,(1999),8.0,"Biography, Drama",112 min,"88,342"
653,Castle in the Sky,(1986),8.0,"Animation, Adventure, Family",125 min,"160,635"
654,Beasts of No Nation,(2015),7.7,"Drama, War",137 min,"79,200"
655,The Body,(2012),7.6,"Mystery, Thriller",112 min,"63,371"
656,October Sky,(1999),7.8,"Biography, Drama, Family",108 min,"88,336"
657,Vikram Vedha,(2017),8.3,"Action, Crime, Drama",147 min,"35,748"
658,The Celebration,(1998),8.1,Drama,105 min,"84,759"
659,The Killing,(1956),8.0,"Crime, Drama, Film-Noir",84 min,"87,302"
660,The Thin Man,(1934),8.0,"Comedy, Mystery",91 min,"28,821"
661,The Verdict,(1982),7.7,Drama,129 min,"38,894"
662,Baahubali 2: The Conclusion,(2017),8.2,"Action, Drama",167 min,"84,271"
663,Evil,(2003),7.8,Drama,113 min,"37,608"
664,The Philadelphia Story,(1940),7.9,"Comedy, Romance",112 min,"67,512"
665,Night of the Living Dead,(1968),7.9,"Horror, Thriller",96 min,"124,466"
666,King Kong,(1933),7.9,"Adventure, Horror, Sci-Fi",100 min,"83,616"
667,Paprika,(2006),7.7,"Animation, Drama, Fantasy",90 min,"79,019"
668,"Spring, Summer, Fall, Winter... and Spring",(2003),8.0,"Drama, Romance",103 min,"81,434"
669,The Last King of Scotland,(2006),7.7,"Biography, Drama, History",123 min,"182,954"
670,Where Eagles Dare,(1968),7.6,"Action, Adventure, War",158 min,"56,782"
671,Victoria,(II) (2015),7.6,"Crime, Drama, Romance",138 min,"57,124"
672,Stagecoach,(1939),7.9,"Adventure, Drama, Western",96 min,"47,370"
673,Interstate 60: Episodes of the Road,(2002),7.7,"Adventure, Comedy, Drama",116 min,"31,826"
674,Run Lola Run,(1998),7.7,"Crime, Drama, Thriller",80 min,"195,573"
675,Three Colors: Blue,(1993),7.9,"Drama, Music, Mystery",94 min,"98,454"
676,Z,(1969),8.2,"Crime, Drama, History",127 min,"27,318"
677,All That Jazz,(1979),7.9,"Drama, Music, Musical",123 min,"30,617"
678,Breathless,(1960),7.8,"Crime, Drama",90 min,"78,760"
679,Belle de Jour,(1967),7.7,"Drama, Romance",100 min,"43,148"
680,The 400 Blows,(1959),8.1,"Crime, Drama",99 min,"113,804"
681,Ikiru,(1952),8.3,Drama,143 min,"75,471"
682,The Kid,(1921),8.3,"Comedy, Drama, Family",68 min,"122,716"
683,God's Own Country,(2017),7.7,"Drama, Romance",104 min,"29,080"
684,Open Your Eyes,(1997),7.7,"Drama, Mystery, Sci-Fi",119 min,"68,140"
685,The Wild Bunch,(1969),7.9,"Action, Adventure, Western",135 min,"82,646"
686,The Station Agent,(2003),7.6,"Comedy, Drama",89 min,"69,644"
687,Wings of Desire,(1987),8.0,"Drama, Fantasy, Romance",128 min,"69,145"
688,Shoplifters,(2018),7.9,"Crime, Drama",121 min,"72,055"
689,Harold and Maude,(1971),7.9,"Comedy, Drama, Romance",91 min,"75,846"
690,Amour,(2012),7.9,Drama,127 min,"97,963"
691,Giant,(1956),7.6,"Drama, Western",201 min,"37,627"
692,In Cold Blood,(1967),7.9,"Biography, Crime, Drama",134 min,"26,069"
693,PK,(2014),8.1,"Comedy, Drama, Sci-Fi",153 min,"175,726"
694,Pink Floyd: The Wall,(1982),8.0,"Drama, Fantasy, Music",95 min,"79,454"
695,Judgment at Nuremberg,(1961),8.2,"Drama, War",179 min,"75,066"
696,Mary and Max,(2009),8.1,"Animation, Comedy, Drama",92 min,"173,090"
697,Nebraska,(2013),7.7,"Adventure, Comedy, Drama",115 min,"116,381"
698,Who's Afraid of Virginia Woolf?,(1966),8.0,Drama,131 min,"73,630"
699,Andrei Rublev,(1966),8.1,"Biography, Drama, History",205 min,"52,114"
700,Three Colors: Red,(1994),8.1,"Drama, Mystery, Romance",99 min,"100,225"
701,Touch of Evil,(1958),8.0,"Crime, Drama, Film-Noir",95 min,"102,691"
702,From Here to Eternity,(1953),7.6,"Drama, Romance, War",118 min,"45,952"
703,Kubo and the Two Strings,(2016),7.8,"Animation, Action, Adventure",101 min,"125,457"
704,City Lights,(1931),8.5,"Comedy, Drama, Romance",87 min,"179,250"
705,Mysterious Skin,(2004),7.6,Drama,105 min,"68,232"
706,The Man from Nowhere,(2010),7.8,"Action, Crime, Drama",119 min,"67,622"
707,The Manchurian Candidate,(1962),7.9,"Drama, Thriller",126 min,"74,345"
708,Wolf Children,(2012),8.1,"Animation, Drama, Fantasy",117 min,"42,877"
709,Bicycle Thieves,(1948),8.3,Drama,89 min,"158,600"
710,The Man Who Shot Liberty Valance,(1962),8.1,"Drama, Western",123 min,"73,859"
711,A Little Princess,(1995),7.7,"Drama, Family, Fantasy",97 min,"33,942"
712,Strangers on a Train,(1951),8.0,"Crime, Drama, Film-Noir",101 min,"131,064"
713,Whisper of the Heart,(1995),7.9,"Animation, Drama, Family",111 min,"58,941"
714,The Big Sleep,(1946),7.9,"Crime, Film-Noir, Mystery",114 min,"83,798"
715,Porco Rosso,(1992),7.7,"Animation, Adventure, Comedy",94 min,"85,477"
716,Yojimbo,(1961),8.2,"Action, Drama, Thriller",110 min,"119,303"
717,Drishyam 2,(2021),8.6,"Crime, Drama, Thriller",152 min,"33,604"
718,Withnail & I,(1987),7.6,"Comedy, Drama",107 min,"42,967"
719,Infernal Affairs,(2002),8.0,"Action, Crime, Drama",101 min,"122,536"
720,High and Low,(1963),8.4,"Crime, Drama, Mystery",143 min,"41,424"
721,The Killing Fields,(1984),7.8,"Biography, Drama, History",141 min,"54,552"
722,Fantasia,(1940),7.7,"Animation, Family, Fantasy",125 min,"93,503"
723,The Red Shoes,(1948),8.1,"Drama, Music, Romance",135 min,"33,805"
724,Freaks,(1932),7.9,"Drama, Horror",64 min,"45,065"
725,All About My Mother,(1999),7.9,Drama,101 min,"94,346"
726,The Adventures of Robin Hood,(1938),7.9,"Action, Adventure, Romance",102 min,"50,042"
727,Pride,(I) (2014),7.8,"Biography, Comedy, Drama",119 min,"55,127"
728,The Lion in Winter,(1968),7.9,"Biography, Drama, History",134 min,"30,881"
729,Manhattan,(1979),7.9,"Comedy, Drama, Romance",96 min,"137,859"
730,Breaking the Waves,(1996),7.8,Drama,159 min,"65,525"
731,Talk to Her,(2002),7.9,"Drama, Mystery, Romance",112 min,"110,008"
732,96,(II) (2018),8.5,"Drama, Romance",158 min,"27,416"
733,Peeping Tom,(1960),7.7,"Drama, Horror, Thriller",101 min,"34,228"
734,Philomena,(2013),7.6,"Biography, Comedy, Drama",98 min,"98,332"
735,Cat on a Hot Tin Roof,(1958),8.0,Drama,108 min,"48,170"
736,Hannah and Her Sisters,(1986),7.9,"Comedy, Drama",107 min,"70,333"
737,Anatomy of a Murder,(1959),8.0,"Drama, Mystery",161 min,"64,573"
738,Nashville,(1975),7.7,"Comedy, Drama, Music",160 min,"25,667"
739,Shadow of a Doubt,(1943),7.8,"Film-Noir, Thriller",108 min,"63,770"
740,Happy Together,(1997),7.7,"Drama, Romance",96 min,"27,127"
741,The Hustler,(1961),8.0,"Drama, Sport",134 min,"80,301"
742,Raatchasan,(2018),8.4,"Crime, Drama, Mystery",170 min,"37,668"
743,Wild Strawberries,(1957),8.2,"Drama, Romance",91 min,"104,166"
744,Frankenstein,(1931),7.8,"Drama, Horror, Sci-Fi",70 min,"70,211"
745,The Double Life of Véronique,(1991),7.8,"Drama, Fantasy, Music",98 min,"46,822"
746,Cowboy Bebop: The Movie,(2001),7.9,"Animation, Action, Crime",115 min,"47,095"
747,The Chaser,(2008),7.8,"Action, Crime, Drama",125 min,"63,837"
748,Leviathan,(2014),7.6,"Crime, Drama",140 min,"52,299"
749,Song of the Sea,(2014),8.1,"Animation, Adventure, Drama",93 min,"56,512"
750,The Legend of 1900,(1998),8.1,"Drama, Music, Romance",169 min,"62,537"
751,The Salesman,(2016),7.7,Drama,124 min,"57,814"
752,Nobody Knows,(2004),8.1,Drama,141 min,"26,990"
753,Mirror,(1975),8.1,"Biography, Drama",107 min,"44,597"
754,The Treasure of the Sierra Madre,(1948),8.2,"Adventure, Drama, Western",126 min,"121,669"
755,Children of Heaven,(1997),8.3,"Drama, Family, Sport",89 min,"72,066"
756,The African Queen,(1951),7.8,"Adventure, Drama, Romance",105 min,"77,049"
757,Short Cuts,(1993),7.7,"Comedy, Drama",188 min,"44,180"
758,Bringing Up Baby,(1938),7.9,Comedy,102 min,"60,022"
759,The Wave,(2008),7.6,"Drama, Thriller",107 min,"107,097"
760,Good Bye Lenin!,(2003),7.7,"Comedy, Drama, Romance",121 min,"143,507"
761,Red River,(1948),7.8,"Drama, Western",133 min,"30,408"
762,The White Ribbon,(2009),7.8,"Drama, History, Mystery",144 min,"72,144"
763,Fantastic Planet,(1973),7.8,"Animation, Sci-Fi",72 min,"29,321"
764,The Diving Bell and the Butterfly,(2007),8.0,"Biography, Drama",112 min,"106,525"
765,Lilya 4-Ever,(2002),7.8,"Crime, Drama",109 min,"44,857"
766,A Prophet,(2009),7.9,"Crime, Drama",155 min,"97,287"
767,Le Samouraï,(1967),8.1,"Crime, Drama",101 min,"49,579"
768,The Tale of The Princess Kaguya,(2013),8.0,"Animation, Drama, Family",137 min,"43,971"
769,All Quiet on the Western Front,(1930),8.1,"Drama, War",152 min,"60,176"
770,Hedwig and the Angry Inch,(2001),7.7,"Comedy, Drama, Music",95 min,"34,958"
771,The Tenant,(1976),7.6,"Drama, Thriller",126 min,"42,859"
772,Nights of Cabiria,(1957),8.1,Drama,110 min,"47,420"
773,Secrets & Lies,(1996),8.0,"Comedy, Drama",136 min,"42,032"
774,3-Iron,(2004),8.0,"Crime, Drama, Romance",88 min,"53,889"
775,Zulu,(1964),7.7,"Drama, History, War",138 min,"38,368"
776,The Cabinet of Dr. Caligari,(1920),8.1,"Horror, Mystery, Thriller",67 min,"61,657"
777,The Grapes of Wrath,(1940),8.1,Drama,129 min,"90,278"
778,Waking Life,(2001),7.8,"Animation, Drama, Fantasy",99 min,"63,103"
779,Inherit the Wind,(1960),8.1,"Biography, Drama, History",128 min,"29,476"
780,Cape Fear,(1962),7.7,"Drama, Thriller",106 min,"28,463"
781,The Battle of Algiers,(1966),8.1,"Drama, War",121 min,"58,105"
782,Laura,(1944),8.0,"Drama, Film-Noir, Mystery",88 min,"46,066"
783,The Chorus,(2004),7.9,"Comedy, Drama, Music",97 min,"60,567"
784,Tokyo Godfathers,(2003),7.8,"Animation, Adventure, Comedy",92 min,"37,541"
785,Darbareye Elly,(2009),8.0,"Drama, Mystery",119 min,"51,349"
786,Night on Earth,(1991),7.7,"Comedy, Drama",129 min,"58,975"
787,Out of the Past,(1947),8.0,"Crime, Drama, Film-Noir",97 min,"35,995"
788,The Asphalt Jungle,(1950),7.9,"Crime, Drama, Film-Noir",112 min,"26,044"
789,"I, Daniel Blake",(2016),7.9,Drama,100 min,"58,241"
790,The General,(1926),8.1,"Action, Adventure, Comedy",67 min,"88,486"
791,Repulsion,(1965),7.7,"Drama, Horror, Thriller",105 min,"52,064"
792,Super 30,(2019),8.0,"Biography, Drama",154 min,"28,496"
793,When Marnie Was There,(2014),7.7,"Animation, Drama, Family",103 min,"37,945"
794,Zindagi Na Milegi Dobara,(2011),8.2,"Comedy, Drama, Musical",155 min,"74,501"
795,Wait Until Dark,(1967),7.8,Thriller,108 min,"29,896"
796,Chhichhore,(2019),8.3,"Comedy, Drama, Romance",143 min,"47,366"
797,The 39 Steps,(1935),7.6,"Crime, Mystery, Thriller",86 min,"55,538"
798,Pather Panchali,(1955),8.4,Drama,125 min,"30,339"
799,The Conformist,(1970),8.0,Drama,113 min,"29,469"
800,Elite Squad,(2007),8.0,"Action, Crime, Drama",115 min,"101,957"
801,The Innocents,(1961),7.8,Horror,100 min,"29,536"
802,The Lunchbox,(2013),7.8,"Drama, Romance",104 min,"54,401"
803,Autumn Sonata,(1978),8.2,"Drama, Music",99 min,"32,873"
804,The Girl Who Leapt Through Time,(2006),7.7,"Animation, Adventure, Comedy",98 min,"64,282"
805,Arsenic and Old Lace,(1943),8.0,"Comedy, Crime, Thriller",118 min,"69,506"
806,Land of Mine,(2015),7.8,"Drama, History, War",100 min,"39,641"
807,Winter Sleep,(2014),8.1,Drama,196 min,"50,451"
808,Kagemusha,(1980),8.0,"Drama, History, War",162 min,"34,848"
809,His Girl Friday,(1940),7.9,"Comedy, Drama, Romance",92 min,"57,158"
810,Uri: The Surgical Strike,(2019),8.3,"Action, Drama, War",138 min,"55,035"
811,The Motorcycle Diaries,(2004),7.8,"Adventure, Biography, Drama",126 min,"99,972"
812,"Aguirre, the Wrath of God",(1972),7.9,"Action, Adventure, Biography",95 min,"55,723"
813,Gilda,(1946),7.6,"Drama, Film-Noir, Romance",110 min,"31,501"
814,The Vanishing,(1988),7.7,"Mystery, Thriller",107 min,"37,621"
815,Bajrangi Bhaijaan,(2015),8.0,"Action, Adventure, Comedy",163 min,"83,259"
816,The Taking of Pelham One Two Three,(1974),7.7,"Action, Crime, Thriller",104 min,"29,736"
817,The Sea Inside,(I) (2004),8.0,"Biography, Drama",126 min,"80,543"
818,Amarcord,(1973),7.9,"Comedy, Drama",123 min,"42,540"
819,The Sacrifice,(1986),8.0,Drama,149 min,"27,278"
820,Tokyo Story,(1953),8.2,Drama,136 min,"59,215"
821,The Man Who Would Be King,(1975),7.8,"Adventure, History, War",129 min,"47,899"
822,Miracle on 34th Street,(1947),7.9,"Comedy, Drama, Family",96 min,"47,033"
823,Drishyam,(2015),8.2,"Crime, Drama, Mystery",163 min,"78,366"
824,To Be or Not to Be,(1942),8.2,"Comedy, Romance, War",99 min,"35,107"
825,Harvey,(1950),7.9,"Comedy, Drama, Fantasy",104 min,"54,696"
826,Underground,(1995),8.1,"Comedy, Drama, Fantasy",167 min,"57,539"
827,The Lady Vanishes,(1938),7.8,"Mystery, Thriller",96 min,"51,084"
828,The Secret of Kells,(2009),7.6,"Animation, Adventure, Family",75 min,"34,510"
829,Scarface,(1932),7.7,"Action, Crime, Drama",93 min,"27,302"
830,Adam's Apples,(2005),7.8,"Comedy, Crime, Drama",94 min,"49,375"
831,Article 15,(2019),8.2,"Crime, Drama, Mystery",130 min,"29,209"
832,The Little Prince,(2015),7.7,"Animation, Adventure, Drama",108 min,"60,422"
833,"Duck, You Sucker!",(1971),7.6,"Drama, War, Western",138 min,"33,734"
834,Control,(2007),7.7,"Biography, Drama, Music",122 min,"64,233"
835,A Man for All Seasons,(1966),7.7,"Biography, Drama, History",120 min,"33,802"
836,Invasion of the Body Snatchers,(1956),7.7,"Drama, Horror, Sci-Fi",80 min,"48,235"
837,Shine,(1996),7.7,"Biography, Drama, Music",105 min,"53,515"
838,The Bandit,(1996),8.2,"Crime, Drama, Thriller",128 min,"68,955"
839,In a Lonely Place,(1950),8.0,"Drama, Film-Noir, Mystery",94 min,"30,230"
840,Three Colors: White,(1994),7.6,"Comedy, Drama, Romance",92 min,"71,095"
841,Dersu Uzala,(1975),8.3,"Adventure, Biography, Drama",142 min,"27,068"
842,My Name Is Khan,(2010),8.0,Drama,165 min,"103,991"
843,The Hidden Fortress,(1958),8.1,"Action, Adventure, Drama",126 min,"37,948"
844,Nostalghia,(1983),8.1,Drama,125 min,"26,060"
845,Farewell My Concubine,(1993),8.1,"Drama, History, Music",171 min,"27,487"
846,To Have and Have Not,(1944),7.8,"Adventure, Comedy, Film-Noir",100 min,"33,664"
847,The Umbrellas of Cherbourg,(1964),7.8,"Drama, Musical, Romance",91 min,"26,537"
848,Kal Ho Naa Ho,(2003),7.9,"Comedy, Drama, Musical",186 min,"67,240"
849,C.R.A.Z.Y.,(2005),7.9,"Comedy, Drama",129 min,"32,532"
850,The Wages of Fear,(1953),8.1,"Adventure, Drama, Thriller",131 min,"59,250"
851,Fitzcarraldo,(1982),8.1,"Adventure, Drama",158 min,"33,991"
852,Badla,(2019),7.8,"Crime, Drama, Mystery",118 min,"26,458"
853,Stalag 17,(1953),8.0,"Comedy, Drama, War",120 min,"54,804"
854,Jules and Jim,(1962),7.8,"Drama, Romance",105 min,"40,331"
855,Dragon Ball Super: Broly,(2018),7.8,"Animation, Action, Adventure",100 min,"25,532"
856,Batman: Mask of the Phantasm,(1993),7.8,"Animation, Action, Adventure",76 min,"47,660"
857,Head-On,(2004),7.9,"Drama, Romance",121 min,"53,421"
858,The Exterminating Angel,(1962),8.1,"Drama, Fantasy",95 min,"32,365"
859,The Bride of Frankenstein,(1935),7.8,"Drama, Horror, Sci-Fi",75 min,"46,934"
860,Taste of Cherry,(1997),7.8,Drama,95 min,"28,620"
861,L'Avventura,(1960),7.8,"Drama, Mystery, Romance",144 min,"28,764"
862,Only Yesterday,(1991),7.6,"Animation, Drama, Romance",118 min,"30,572"
863,The Message,(1976),8.2,"Biography, Drama, History",177 min,"46,351"
864,Masaan,(2015),8.2,Drama,109 min,"26,894"
865,Ninja Scroll,(1993),7.9,"Animation, Action, Adventure",94 min,"36,513"
866,Loveless,(2017),7.6,Drama,127 min,"32,303"
867,Frost/Nixon,(2008),7.7,"Biography, Drama, History",122 min,"106,704"
868,Hard Boiled,(1992),7.8,"Action, Crime, Thriller",128 min,"49,354"
869,"Black Cat, White Cat",(1998),8.1,"Comedy, Crime, Romance",127 min,"52,965"
870,Key Largo,(1948),7.8,"Action, Crime, Drama",100 min,"39,761"
871,Cries & Whispers,(1972),8.1,Drama,91 min,"33,057"
872,The Passion of Joan of Arc,(1928),8.1,"Biography, Drama, History",114 min,"52,606"
873,The Virgin Spring,(1960),8.1,Drama,89 min,"28,516"
874,Drishyam,(2013),8.3,"Crime, Drama, Thriller",160 min,"39,407"
875,Gully Boy,(2019),7.9,"Drama, Music, Romance",154 min,"36,940"
876,Persepolis,(2007),8.0,"Animation, Biography, Drama",96 min,"92,927"
877,La Strada,(1954),8.0,Drama,108 min,"61,739"
878,Dreams,(1990),7.8,"Drama, Fantasy",119 min,"25,748"
879,Lagaan: Once Upon a Time in India,(2001),8.1,"Drama, Musical, Sport",224 min,"110,813"
880,The Past,(2013),7.7,"Drama, Mystery",130 min,"47,985"
881,The Experiment,(2001),7.7,"Drama, Thriller",120 min,"93,007"
882,Sleuth,(1972),8.0,"Mystery, Thriller",138 min,"46,975"
883,Vivre Sa Vie,(1962),8.0,Drama,85 min,"30,694"
884,Lifeboat,(1944),7.6,"Drama, War",97 min,"28,295"
885,Les yeux sans visage,(1960),7.7,"Drama, Horror",90 min,"30,501"
886,Sweet Smell of Success,(1957),8.0,"Drama, Film-Noir",96 min,"30,779"
887,The Rules of the Game,(1939),8.0,"Comedy, Drama",110 min,"28,362"
888,The Broken Circle Breakdown,(2012),7.7,"Drama, Music, Romance",111 min,"40,741"
889,The Invisible Man,(1933),7.7,"Horror, Sci-Fi",71 min,"33,856"
890,Fireworks,(1997),7.7,"Crime, Drama, Romance",103 min,"29,861"
891,The Odd Couple,(1968),7.7,Comedy,105 min,"34,144"
892,Ace in the Hole,(1951),8.1,"Drama, Film-Noir",111 min,"34,753"
893,The World's Fastest Indian,(2005),7.8,"Biography, Drama, Sport",127 min,"53,919"
894,G.O.R.A.,(2004),8.1,"Adventure, Comedy, Sci-Fi",127 min,"60,908"
895,Crimes and Misdemeanors,(1989),7.9,"Comedy, Drama",104 min,"57,114"
896,The Gold Rush,(1925),8.2,"Adventure, Comedy, Drama",95 min,"108,291"
897,The Caine Mutiny,(1954),7.7,"Drama, War",124 min,"27,093"
898,My Father and My Son,(2005),8.2,"Drama, Family",112 min,"84,543"
899,After the Wedding,(2006),7.7,Drama,120 min,"34,061"
900,Diabolique,(1955),8.1,"Crime, Drama, Horror",117 min,"64,710"
901,My Sassy Girl,(2001),8.0,"Comedy, Drama, Romance",137 min,"47,371"
902,Pink,(III) (2016),8.1,"Crime, Drama, Thriller",136 min,"43,482"
903,Hiroshima Mon Amour,(1959),7.9,"Drama, Romance",90 min,"30,877"
904,Down by Law,(1986),7.7,"Comedy, Crime, Drama",107 min,"50,600"
905,The Return,(2003),8.0,Drama,110 min,"44,795"
906,The Shop Around the Corner,(1940),8.1,"Comedy, Drama, Romance",99 min,"31,959"
907,M.S. Dhoni: The Untold Story,(2016),8.0,"Biography, Drama, Sport",184 min,"50,820"
908,Joyeux Noel,(2005),7.7,"Drama, History, Music",116 min,"29,440"
909,The Discreet Charm of the Bourgeoisie,(1972),7.9,Comedy,102 min,"41,780"
910,Brief Encounter,(1945),8.0,"Drama, Romance",86 min,"38,877"
911,Confessions,(2010),7.7,"Drama, Thriller",106 min,"38,080"
912,Au Revoir les Enfants,(1987),8.0,"Drama, War",104 min,"33,125"
913,Once Upon a Time in Anatolia,(2011),7.9,"Crime, Drama",157 min,"45,331"
914,The Postman,(1994),7.7,"Biography, Comedy, Drama",108 min,"35,721"
915,A Night at the Opera,(1935),7.9,"Comedy, Music, Musical",96 min,"32,294"
916,Ivan's Childhood,(1962),8.1,"Drama, War",95 min,"35,158"
917,The Big Heat,(1953),7.9,"Crime, Film-Noir, Thriller",89 min,"26,003"
918,Raise the Red Lantern,(1991),8.1,"Drama, History, Romance",125 min,"31,761"
919,Sunrise,(1927),8.1,"Drama, Romance",94 min,"50,183"
920,Swades,(2004),8.2,"Drama, Musical",189 min,"88,264"
921,In America,(2002),7.7,Drama,105 min,"42,717"
922,Kahaani,(2012),8.1,"Mystery, Thriller",122 min,"61,593"
923,The Killer,(1989),7.8,"Action, Crime, Drama",111 min,"47,593"
924,Celda 211,(2009),7.6,"Action, Crime, Drama",113 min,"66,524"
925,Badhaai Ho,(2018),8.0,"Comedy, Drama",124 min,"32,346"
926,In a Better World,(2010),7.6,"Drama, Romance",118 min,"39,741"
927,Departures,(2008),8.1,"Drama, Music",130 min,"51,119"
928,Battleship Potemkin,(1925),8.0,"Drama, History, Thriller",66 min,"56,420"
929,Time of the Gypsies,(1988),8.1,"Comedy, Crime, Drama",142 min,"30,031"
930,Joint Security Area,(2000),7.8,"Action, Drama, Thriller",110 min,"29,035"
931,The Triplets of Belleville,(2003),7.8,"Animation, Comedy, Drama",80 min,"53,736"
932,White Heat,(1949),8.1,"Action, Crime, Drama",114 min,"32,036"
933,The Muppet Christmas Carol,(1992),7.7,"Comedy, Drama, Family",85 min,"57,052"
934,Millennium Actress,(2001),7.9,"Animation, Drama, Fantasy",87 min,"26,561"
935,Talvar,(2015),8.2,"Crime, Drama, Mystery",132 min,"34,097"
936,Rififi,(1955),8.1,"Crime, Drama, Thriller",118 min,"33,258"
937,Dilwale Dulhania Le Jayenge,(1995),8.1,"Drama, Romance",181 min,"67,431"
938,Lupin III: The Castle of Cagliostro,(1979),7.6,"Animation, Action, Adventure",102 min,"29,729"
939,Veer-Zaara,(2004),7.8,"Drama, Family, Musical",192 min,"51,677"
940,"4 Months, 3 Weeks and 2 Days",(2007),7.9,Drama,113 min,"59,145"
941,The Magdalene Sisters,(2002),7.7,Drama,114 min,"26,924"
942,The Ladykillers,(1955),7.7,"Comedy, Crime",91 min,"28,692"
943,Vampire Hunter D: Bloodlust,(2000),7.7,"Animation, Action, Drama",103 min,"31,087"
944,Nine Queens,(2000),7.9,"Crime, Drama, Thriller",114 min,"51,951"
945,The Purple Rose of Cairo,(1985),7.7,"Comedy, Fantasy, Romance",82 min,"50,666"
946,Barfi!,(2012),8.1,"Comedy, Drama, Romance",151 min,"79,888"
947,Rang De Basanti,(2006),8.1,"Comedy, Crime, Drama",167 min,"117,460"
948,Rockstar,(2011),7.7,"Drama, Music, Romance",159 min,"42,964"
949,La Grande Illusion,(1937),8.1,"Drama, War",113 min,"35,828"
950,Dara of Jasenovac,(2020),8.7,"Drama, War",130 min,"80,274"
951,Haider,(2014),8.1,"Action, Crime, Drama",160 min,"52,915"
952,Duck Soup,(1933),7.8,"Comedy, Musical",69 min,"59,304"
953,Sherlock Jr.,(1924),8.2,"Action, Comedy, Romance",45 min,"47,390"
954,Dil Chahta Hai,(2001),8.1,"Comedy, Drama, Romance",183 min,"70,530"
955,Sullivan's Travels,(1941),7.9,"Adventure, Comedy, Drama",90 min,"25,792"
956,Hera Pheri,(2000),8.2,"Action, Comedy, Crime",156 min,"63,674"
957,Hindi Medium,(2017),7.9,"Comedy, Drama",132 min,"27,079"
958,Udaan,(2010),8.2,Drama,134 min,"44,375"
959,The Lost Weekend,(1945),7.9,"Drama, Film-Noir",101 min,"35,950"
960,Queen,(2013),8.2,"Adventure, Comedy, Drama",146 min,"64,402"
961,Special 26,(2013),8.0,"Crime, Drama, Thriller",144 min,"54,760"
962,Tangerines,(2013),8.2,"Drama, War",87 min,"45,078"
963,Beauty and the Beast,(1946),7.9,"Drama, Fantasy, Romance",93 min,"25,940"
964,No Man's Land,(I) (2001),7.9,"Comedy, Drama, War",98 min,"46,484"
965,Love and Death,(1975),7.7,"Comedy, War",85 min,"37,894"
966,Le Dîner de Cons,(1998),7.7,Comedy,80 min,"40,681"
967,Sanjuro,(1962),8.1,"Action, Drama, Thriller",96 min,"37,244"
968,Andaz Apna Apna,(1994),8.1,"Action, Comedy, Romance",160 min,"52,395"
969,Elite Squad 2: The Enemy Within,(2010),8.0,"Action, Crime, Drama",115 min,"81,908"
970,"Rome, Open City",(1945),8.1,"Drama, Thriller, War",103 min,"25,662"
971,Central Station,(1998),8.0,Drama,110 min,"38,799"
972,Baby,(I) (2015),8.0,"Action, Crime, Thriller",159 min,"56,343"
973,Tae Guk Gi: The Brotherhood of War,(2004),8.0,"Action, Drama, War",140 min,"39,228"
974,Udta Punjab,(2016),7.8,"Action, Crime, Drama",148 min,"29,468"
975,A Wednesday,(2008),8.1,"Action, Crime, Drama",104 min,"77,185"
976,Knockin' on Heaven's Door,(1997),7.9,"Action, Crime, Comedy",87 min,"29,526"
977,Kind Hearts and Coronets,(1949),8.0,"Comedy, Crime",106 min,"36,604"
978,Dev.D,(2009),8.0,"Comedy, Drama, Romance",144 min,"30,160"
979,Black,(2005),8.2,Drama,122 min,"34,507"
980,Raazi,(2018),7.8,"Action, Drama, Thriller",138 min,"28,963"
981,Paan Singh Tomar,(2012),8.2,"Action, Biography, Crime",135 min,"35,478"
982,The Circus,(1928),8.1,"Comedy, Family, Romance",72 min,"32,871"
983,Zelig,(1983),7.7,Comedy,79 min,"41,560"
984,Kai Po Che,(2013),7.8,"Drama, Sport",120 min,"36,009"
985,The Edge of Heaven,(2007),7.8,Drama,122 min,"31,793"
986,Vicky Donor,(2012),7.8,"Comedy, Romance",126 min,"42,242"
987,Airlift,(2016),8.0,"Drama, History",130 min,"55,865"
988,Munna Bhai M.B.B.S.,(2003),8.1,"Comedy, Drama",156 min,"79,196"
989,Jab We Met,(2007),7.9,"Comedy, Drama, Romance",138 min,"51,202"
990,Chak De! India,(2007),8.2,"Drama, Family, Sport",153 min,"78,357"
991,Sholay,(1975),8.2,"Action, Adventure, Comedy",162 min,"54,429"
992,Anand,(1971),8.2,"Drama, Musical",122 min,"33,208"
993,Bhaag Milkha Bhaag,(2013),8.2,"Biography, Drama, Sport",186 min,"65,878"
994,Nefes: Vatan Sagolsun,(2009),8.0,"Action, Drama, Thriller",128 min,"33,182"
995,"Carry On, Munna Bhai",(2006),8.1,"Comedy, Drama, Romance",144 min,"45,894"
996,OMG: Oh My God!,(2012),8.1,"Comedy, Drama, Fantasy",125 min,"56,421"
997,Vizontele,(2001),8.0,"Comedy, Drama",110 min,"35,844"
998,English Vinglish,(2012),7.8,"Comedy, Drama, Family",134 min,"35,499"
999,Sarfarosh,(1999),8.1,"Action, Drama, Thriller",174 min,"25,197"
